Domain,Date
0hpx.xyz,2023-10-14 10:26:59
10086.cn,2004-07-05 00:18:42
1337x.to,
163.com,1997-09-15 04:00:00
1drv.com,2013-08-05 18:33:50
1xlite-377032.top,2022-12-29 11:35:49
20minutes.fr,2001-07-11 22:00:00
20minutos.es,
2345.com,1998-01-19 05:00:00
247sports.com,2001-04-18 10:37:33
24h.com.vn,
2gis.ru,2001-02-18 21:00:00
2mdn.net,2005-05-02 18:46:31
33across.com,2007-09-29 20:56:11
360yield.com,2009-06-02 13:04:25
39flp.live,
3bmeteo.com,1999-04-15 04:00:00
3dsplm.cn,2009-07-21 13:08:28
3gppnetwork.org,2002-05-15 13:35:38
3lift.com,2013-01-04 18:15:56
4kporn.xxx,2020-11-11 22:07:30
52e.xyz,2023-07-29 08:18:02
5ch.net,2000-03-01 16:38:39
8kun.top,2019-11-15 01:46:30
8x8.com,1996-01-22 05:00:00
9animetv.to,
9gag.com,2008-04-12 06:20:03
a-mo.net,2017-09-08 18:06:41
a-msedge.net,2014-03-06 22:15:17
a-mx.com,2021-07-01 13:59:27
a2z.com,1994-12-08 05:00:00
a3cloud.net,2012-01-24 23:23:17
aa.com,1998-01-02 05:00:00
aadrm.com,2011-12-20 18:19:21
aajtak.in,2005-01-06 03:27:55
abc.es,
abc.net.au,
abcnews.go.com,1998-01-09 05:00:00
abema.tv,
ably.io,2012-06-08 01:43:36
abplive.com,2012-05-15 17:34:00
absolute.com,1994-03-31 05:00:00
abtasty.com,2011-08-09 09:30:16
abyzsbv.com,2023-09-14 18:11:23
academia.edu,
accuweather.com,1995-10-27 04:00:00
acesso.gov.br,2018-11-23 00:00:00
acexedge.com,2015-06-04 16:22:12
acsbapp.com,2020-08-08 09:25:19
activemetering.com,2018-01-27 03:11:16
actu.fr,2000-03-08 23:00:00
ad-delivery.net,2017-05-03 16:12:00
ad-stir.com,2011-08-11 01:07:11
ad.gt,
ad.nl,1995-10-02 00:00:00
ada.support,2015-12-09 16:58:07
adblockplus.dev,2021-06-10 10:26:44
adblockplus.org,2006-06-09 11:04:42
adbrn.com,2013-08-21 10:00:43
adcolony.xyz,2017-03-15 22:27:52
addtoany.com,2006-03-10 08:47:51
adhaven.com,2005-11-08 20:12:17
adingo.jp,
adition.com,2002-05-30 14:36:47
adjust.com,1995-09-27 04:00:00
adlooxtracking.com,2011-08-18 11:58:09
admantx.com,2010-04-09 22:35:12
admedo.com,2013-11-12 16:19:28
admixer.net,2007-04-12 09:22:10
adnxs.com,2008-05-27 17:02:39
adobe.com,1986-11-17 05:00:00
adobe.io,2012-03-12 17:18:28
adobe.net,1997-03-03 05:00:00
adobecces.com,2018-07-16 15:14:48
adobeccstatic.com,2016-12-06 00:30:01
adobedtm.com,2013-11-22 23:15:17
adobelogin.com,2010-07-26 18:40:27
adp.com,1991-06-24 04:00:00
adpone.com,2015-09-14 11:40:02
adprime.com,2003-07-23 15:38:25
adroll.com,2004-10-13 06:29:43
ads-twitter.com,2016-05-26 23:38:32
adsafeprotected.com,2010-04-01 19:21:11
adsmoloco.com,2013-10-25 06:44:32
adsymptotic.com,2010-09-09 21:24:16
adtdp.com,2014-01-15 09:28:10
adtech.com,1994-07-27 04:00:00
adtilt.com,2008-08-07 10:27:00
advertising.com,1998-06-08 04:00:00
adxcel-ec2.com,2013-01-22 07:20:03
aemet.es,
afcdn.net,2022-06-27 11:30:49
affirm.com,1999-12-02 11:39:45
afreecatv.com,2006-03-16 03:05:19
afterpay.com,2004-12-31 21:06:15
aftonbladet.se,2000-08-28 00:00:00
agkn.com,2005-06-09 22:54:35
agoda.com,2004-03-16 11:48:19
airbnb.com,2008-08-05 07:29:00
airbrake.io,2011-09-06 17:18:59
aisearchverifier.com,2023-09-18 14:38:32
aiv-delivery.net,2015-02-04 19:50:12
ajax.googleapis.com,
akadns.net,1999-05-12 21:15:16
akamai.com,1998-08-17 04:00:00
akamaiedge.net,2001-10-04 02:46:49
akamaihd.net,2009-09-14 20:35:31
akamaized.net,2014-03-18 14:07:55
akerat.com,2023-08-16 06:01:24
al-array.com,2021-11-11 07:27:16
alarmnet.com,1995-03-20 05:00:00
alcmpn.com,2015-10-21 15:10:08
algolia.net,2012-04-22 16:54:11
aliapp.org,2008-01-04 11:12:20
alibaba.com,1999-04-15 04:00:00
aliexpress.com,2006-04-16 18:16:46
aliexpress.ru,2010-02-18 21:00:00
alipay.com,2004-10-08 10:44:53
aliyuncs.com,2012-04-01 07:23:40
allegro.pl,1999-10-27 13:00:00
allrecipes.com,1998-07-11 04:00:00
ally.ac,2015-12-23 18:23:34
alocdn.com,2012-09-13 15:50:11
amap.com,2003-05-23 18:28:25
amarujala.com,1998-07-24 04:00:00
amazon-adsystem.com,2011-09-16 18:47:08
amazon.ca,2000-09-19 18:44:39
amazon.co.jp,
amazon.co.uk,1996-08-01 00:00:00
amazon.com,1994-11-01 05:00:00
amazon.com.au,
amazon.com.br,1995-09-27 00:00:00
amazon.com.mx,1997-10-29 00:00:00
amazon.de,
amazon.dev,2019-01-16 16:12:48
amazon.es,
amazon.fr,2008-04-16 09:12:10
amazon.in,2005-02-11 11:14:14
amazon.it,2000-02-10 00:00:00
amazonalexa.com,2013-07-17 18:18:31
amazonaws.com,2005-08-18 02:10:45
ameblo.jp,
americanexpress.com,1995-06-04 04:00:00
amplify.com,1996-01-21 05:00:00
anandabazar.com,1997-02-06 05:00:00
animeflv.net,2010-05-15 12:08:52
animesuge.to,
aniview.com,2009-11-20 19:10:54
aniwatch.to,
aniwave.to,
anm.co.uk,1997-08-01 00:00:00
anoboy.show,
anpost.com,1999-03-12 05:00:00
ansa.it,1996-01-29 00:00:00
anses.gob.ar,2014-04-08 00:00:00
answers.microsoft.com,1991-05-02 04:00:00
aol.com,1995-06-22 04:00:00
api-fxtrade.oanda.com,1996-08-04 04:00:00
api.crypto.com,1993-05-06 04:00:00
apkpure.com,2014-11-28 11:29:15
apnews.com,1991-07-12 04:00:00
app.link,2015-03-18 06:28:29.956000
app.uniswap.com,2000-07-30 22:07:12
appboy.com,2008-10-06 23:28:32
appboycdn.com,2015-04-29 18:37:45
appcenter.ms,
appcues.com,2012-09-08 19:41:12
apple-dns.net,2014-05-28 16:09:12
apple.com,1987-02-19 05:00:00
apple.news,
applovin.com,2011-07-01 18:22:43
applvn.com,2012-05-25 23:49:41
appsflyer.com,2011-05-09 17:14:03
apptentive.com,2011-03-16 18:59:16
aptrinsic.com,2016-10-02 21:12:24
aquamanga.com,2021-02-04 17:14:36
aralego.com,2015-01-14 11:23:08
arcgis.com,1999-06-09 22:21:51
archive.org,1995-12-14 05:00:00
archiveofourown.org,2007-05-30 23:13:24
arcpublishing.com,2009-08-05 18:40:42
arcticwolf.net,1998-03-16 05:00:00
argentina.gob.ar,2013-08-22 00:00:00
arttrk.com,2021-11-17 13:24:06
as.com,1997-12-04 05:00:00
asahi.com,1995-07-29 04:00:00
asos.com,2000-02-27 12:05:09
aspnetcdn.com,2010-10-12 17:12:42
assets-yammer.com,2011-05-23 17:35:57
associates-amazon.com,2007-10-29 21:34:02
asuracomics.com,2021-02-27 01:57:03
asus.com,1995-10-25 04:00:00
aswpsdkus.com,2019-01-22 20:54:17
atemda.com,2008-06-09 12:07:20
atid.me,2023-04-20 09:32:49
atl-paas.net,2016-12-16 07:20:55
atlassian.net,2001-03-19 12:38:01
atp.fox,2021-02-19 20:29:15
att-idns.net,2000-10-19 11:03:29
att.com,1986-04-25 05:00:00
att.net,1993-12-13 05:00:00
attentivemobile.com,2017-04-05 14:19:16
attn.tv,
audienceexposure.com,
audrte.com,2013-10-30 16:30:04
auone.jp,
auryc.com,2016-02-03 23:50:47
australia.gov.au,
auth0.com,2012-10-18 18:46:46
autodesk.com,1989-08-03 04:00:00
automox.com,2016-02-22 20:09:04
avast.com,1997-10-06 04:00:00
avito.ru,2007-06-07 20:00:00
aws.amazon.com,1994-11-01 05:00:00
azure-api.net,2014-01-09 14:55:23
azure.com,1994-10-25 04:00:00
azure.net,2003-11-08 19:26:42
azureedge.net,2014-01-22 16:14:52
azurefd.net,2018-05-08 19:21:22
azurewebsites.net,2012-01-24 18:43:51
badoo.com,2003-05-26 04:00:51
baidu.com,1999-10-11 11:05:17
bakusai.com,2007-06-22 03:13:50
bamgrid.com,2012-07-25 16:49:47
bancoestado.cl,
bancogalicia.com,2002-08-18 19:13:45
bankofamerica.com,1998-12-28 05:00:00
banrural.com.gt,
bapro.com.ar,2013-10-10 00:00:00
barclays.co.uk,1996-08-01 00:00:00
basis.net,2000-05-15 10:33:55
bbc.co.uk,1996-08-01 00:00:00
bbc.com,1989-07-15 04:00:00
bbva.com,1997-08-14 04:00:00
bd33fgabh.com,2023-01-16 08:42:05
belanjasantai.com,2023-08-11 11:01:11
bell.ca,2000-10-11 20:49:22
bentley.com,1993-11-23 05:00:00
bereal.team,
bestbuy.com,1994-03-03 05:00:00
bet365.com,1999-08-04 10:48:24
bet9ja.com,2012-04-17 12:10:47
betano.com,2013-06-10 17:36:23
betking.com,2001-07-03 17:43:37
betman.co.kr,2003-09-01 00:00:00
betrad.com,2009-11-17 18:00:48
betway.co.za,2008-07-18 11:29:27
beyla.site,
beyondtrustcloud.com,2019-02-19 15:46:41
bfmio.com,2015-03-03 19:29:09
bfmtv.com,2004-11-15 16:42:10
bhaskar.com,1998-04-17 04:00:00
biblegateway.com,1998-03-30 05:00:00
bild.de,
bilibili.com,2004-10-21 11:37:37
bilibili.tv,
binance.com,2017-04-01 16:48:33
bing.com,1996-01-29 05:00:00
bing.net,1997-09-03 04:00:00
bingapis.com,2008-11-07 20:05:56
bit.seedhost.eu,
bitdefender.com,2001-06-08 11:07:18
bitdefender.net,2008-11-15 19:51:30
bittrex.com,2014-01-25 06:59:16
bitwarden.com,2015-11-16 14:28:08
bkrtx.com,2008-03-04 06:01:22
blackboard.com,1999-04-09 04:00:00
blaze-1.com,2022-07-23 14:59:40
blic.rs,
blismedia.com,2011-12-15 15:10:00
blisspointmedia.com,2014-03-25 04:43:08
block.si,2011-08-29 00:00:00
blog.jp,
blogger.com,1999-06-22 17:44:40
blogspot.com,2000-07-31 21:38:58
blooket.com,2018-10-31 22:55:33
bloomberg.com,1993-09-29 04:00:00
bluecava.com,2010-02-01 15:37:29
bluecore.app,2020-02-17 01:19:12
bluecore.com,2002-07-11 13:17:58
bluekai.com,2007-07-06 06:09:58
bnmla.com,2006-08-30 22:46:00
bnpparibas.com,1999-09-02 22:49:01
bol.com,1997-12-19 05:00:00
bolavip.com,2010-07-20 15:12:39
boltdns.net,2015-09-22 20:55:16
bongacams.com,2012-01-25 14:29:48
booking.com,1998-04-17 04:00:00
bookmyshow.com,2007-02-21 06:30:45
bounceexchange.com,2010-04-03 15:49:26
box.com,1999-02-17 05:00:00
box.net,1995-03-27 05:00:00
boyfriendtv.com,2010-06-24 12:42:49
brand-display.com,2011-09-27 15:16:23
brave.com,1995-09-18 04:00:00
braze.com,2000-01-19 02:18:28
braze.eu,
brazzersnetwork.com,2006-12-23 07:44:43
brightcloud.com,1999-12-30 17:34:25
brightcove.com,2005-02-04 13:00:28
brightcove.net,2005-02-08 03:00:29
brightline.tv,
brightspace.com,2001-10-14 18:31:38
britannica.com,1995-06-14 04:00:00
browser-intake-datadoghq.com,2020-08-06 12:02:36
brsrvr.com,2009-06-13 02:01:30
bt.com,1992-06-18 04:00:00
bttrack.com,2014-03-26 20:21:25
bumlam.com,2015-08-10 15:26:36
bunshun.jp,
business.site,
businessinsider.com,1998-03-06 05:00:00
buzzfeed.com,2002-08-07 18:40:30
bwanet.ca,2004-02-16 22:21:58
byjus.com,2013-06-19 18:01:45
byspotify.com,2018-10-12 07:16:10
bytefcdn-oversea.com,2022-07-07 10:47:32
bytefcdn-ttpeu.com,2023-03-22 12:46:15
byteglb.com,2023-01-06 02:49:27
byteoversea.com,2017-09-20 08:43:03
caixa.gov.br,1997-08-20 00:00:00
calculator.net,1998-07-07 04:00:00
calendly.com,2013-02-26 19:50:41
caliente.mx,2009-05-15 00:00:00
cam4.com,1999-07-28 14:15:30
cambridge.org,1998-04-18 04:00:00
canada.ca,2002-11-25 20:16:47
canadapost-postescanada.ca,2003-06-10 18:16:07
canva.com,2001-05-05 00:03:52
canvaslms.com,2011-04-08 22:49:31
capcut.com,1997-03-29 05:00:00
capcutapi.com,2023-04-14 07:00:34
capitalone.com,1995-03-13 05:00:00
capitaloneshopping.com,2020-07-29 14:23:24
carbonblack.io,2015-03-06 18:00:15
casalemedia.com,2002-10-19 16:42:10
cashappapi.com,2021-07-06 18:17:08
cbc.ca,2000-10-16 13:56:05
cbsivideo.com,2018-09-05 18:06:28
cbsnews.com,1994-10-04 04:00:00
cbssports.com,1996-05-08 04:00:00
ccgateway.net,2015-01-08 20:22:25
cdc.gov,1997-10-02 01:29:21
cdn.jsdelivr.net,2012-05-16 21:35:05
cdn4image.com,2022-11-25 14:50:41
cdn77.org,2013-03-12 22:11:56
cdnbasket.net,2017-09-13 21:34:59
cdnfonts.com,2018-10-03 22:40:54
cdnwidget.com,2016-06-23 21:35:22
cedexis-radar.net,2011-09-27 18:52:59
celtra.com,2003-11-10 19:20:19
censor.net,1996-09-28 04:00:00
centegix.com,2018-08-21 18:19:38
centrastage.net,2006-08-04 16:57:56
certainly.com,2002-07-18 21:47:38
championat.com,2005-07-25 14:39:38
chapmanganato.com,2022-07-30 04:47:38
character.ai,
chartboost.com,2011-02-24 00:37:23
chase.com,1995-10-11 04:00:00
chasecdn.com,2014-08-07 16:54:40
chaturbate.com,2011-02-26 03:30:59
chegg.com,2000-02-23 00:22:32
cheqzone.com,2018-08-23 11:45:10
chess.com,1994-08-11 04:00:00
chimpstatic.com,2017-02-16 15:46:16
chinatimes.com,1997-01-28 05:00:00
chip.de,
chronopost.fr,1996-10-03 22:00:00
cibc.com,1993-12-02 05:00:00
ciditools.com,2016-04-28 18:13:19
cintnetworks.com,2016-03-17 15:41:05
cisco.com,1987-05-14 04:00:00
ciscospark.com,2015-01-15 17:48:08
citi.com,1998-12-29 05:00:00
cityheaven.net,2000-07-19 01:44:59
civicscience.com,2007-07-02 20:58:53
ck-ie.com,2020-01-08 12:46:45
clarin.com,1995-08-16 04:00:00
classdojo.com,2011-06-12 03:48:19
classlink.com,1998-01-30 05:00:00
classlink.io,2016-08-10 07:38:07
clean.gg,
clevelandclinic.org,1998-01-08 05:00:00
clever.com,1995-03-09 05:00:00
clickagy.com,2012-06-30 05:47:27
clickcertain.com,2012-03-30 14:11:07
clickup.com,2001-07-05 10:41:46
cloud.com,2000-12-13 11:33:19
cloud.mail.ru,1997-09-27 14:33:26
cloud.us,2002-04-24 15:12:06
cloudflare.com,2009-02-17 22:07:54
cloudflare.net,2009-02-17 22:08:05
cloudflareinsights.com,2019-08-30 20:19:26
cloudfront.net,2008-04-25 18:25:49
cloudfunctions.net,2015-12-03 18:56:54
cloudinary.com,2011-05-24 12:52:37
cloudsink.net,2012-08-10 00:17:52
cmoa.jp,
cnbc.com,1997-09-30 04:00:00
cnbcindonesia.com,2014-04-04 15:11:37
cnn.com,1993-09-22 04:00:00
cnn.io,2000-06-27 01:00:00
cnnbrasil.com.br,2002-09-20 00:00:00
cnnindonesia.com,1999-12-21 17:04:24
cnnx.link,2017-10-25 20:43:32.896000
cntraveler.com,1994-05-17 04:00:00
codecademy.com,2011-08-10 05:15:43
codefi.network,
coinbase.com,2011-07-02 18:23:22
coingecko.com,2014-03-26 13:49:24
coinmarketcap.com,2013-04-28 17:30:25
collegeboard.org,1994-12-14 05:00:00
coloros.com,2010-06-05 11:20:59
colossusssp.com,2017-10-10 16:42:47
com.onion,
comcast.com,1995-08-29 04:00:00
comcast.net,1997-09-25 04:00:00
commbank.com.au,
commerzbank.com,1995-09-22 04:00:00
comodoca.com,2002-11-13 15:25:27
concert.io,2012-05-31 00:25:27
conferdeploy.net,2015-09-17 15:41:46
configcat.com,2018-03-12 20:31:17
connatix.com,2013-11-06 15:51:03
connectad.io,2016-06-16 07:21:22
connextra.com,1999-08-12 12:18:41
contentful.com,2006-01-12 09:46:22
contentsquare.net,2017-02-16 14:09:57
contentstack.io,2013-12-30 23:50:16
contextweb.com,2000-03-16 19:26:42
convertexperiments.com,2012-06-05 15:24:06
conviva.com,2004-01-18 19:23:08
cookiebot.com,2010-01-21 20:19:58
cookiepro.com,2011-02-18 19:42:41
cookpad.com,1999-04-12 04:00:00
cooladata.com,2012-07-02 06:27:45
coolmathgames.com,2001-12-31 20:14:48
correios.com.br,1997-10-30 00:00:00
correos.es,
corriere.it,1996-01-29 00:00:00
cortana.ai,
costco.com,1997-03-17 05:00:00
coupang.com,2010-05-24 01:50:43
coursera.org,2012-01-12 01:57:48
cpmstar.com,2004-08-22 21:03:56
craigslist.org,1997-09-11 04:00:00
crazyegg.com,2002-12-19 02:01:08
createjs.com,2011-03-20 15:24:10
creativecdn.com,2012-02-24 21:31:54
credit-agricole.fr,1995-07-06 22:00:00
cricbuzz.com,2004-04-16 08:27:32
criteo.com,2005-06-17 17:39:17
crmentjg.com,2023-06-12 09:15:12
crsspxl.com,2011-07-27 18:51:47
crunchyroll.com,2006-05-14 05:07:22
crwdcntrl.net,2006-11-21 14:41:13
csdn.net,1999-03-11 05:00:00
ctfassets.net,2017-03-28 14:56:14
cumhuriyet.com.tr,1996-12-01 00:00:00
curalate.com,2012-02-08 19:32:07
curseforge.com,2007-10-18 17:23:38
cvs.com,1996-01-30 05:00:00
cxense.com,2010-02-08 18:56:42
cybereason.net,2014-08-04 10:00:24
cylance.com,2004-08-05 15:31:21
d41.co,2014-07-09 13:51:18
dailyhunt.in,2015-04-15 11:11:42
dailymail.co.uk,1996-08-01 00:00:00
dailymotion.com,2005-03-15 22:29:18
dana.id,2017-07-14 04:27:03
dantri.com.vn,
dashlane.com,2011-03-04 16:21:06
datatables.net,2009-01-22 21:21:27
daum.net,1996-03-05 05:00:00
dazn.com,2002-08-01 09:00:27
dbankcloud.asia,2019-07-01 07:27:15
dbankcloud.ru,2020-07-13 11:07:12
dbs.com,1997-06-25 04:00:00
dcinside.com,2000-04-17 13:22:00
decibelinsight.net,2013-03-14 09:34:10
deephicy.net,2023-06-08 15:45:12
deepintent.com,2013-01-13 19:46:04
deepl.com,2010-04-22 18:57:27
defybrick.com,2022-05-09 13:15:14
deliverimp.com,2014-11-13 07:24:49
dell.com,1988-11-22 05:00:00
dellsupportcenter.com,2005-02-14 22:20:33
delta.com,1993-11-23 05:00:00
demandbase.com,2005-04-12 17:40:16
demorgen.be,
denizbank.com,1997-12-31 05:00:00
desmos.com,2004-10-12 18:10:53
detik.com,1998-05-29 04:00:00
deviantart.com,2000-04-25 04:59:54
device9.com,2013-12-11 22:57:12
dewrain.life,
dexerto.com,2015-03-18 12:33:04
dhl.com,1989-05-25 04:00:00
dhl.de,
dictionary.cambridge.org,1998-04-18 04:00:00
digitaleast.mobi,
digitalgov.gov,2013-12-02 16:30:07
digitalguardian.com,2003-12-01 19:14:36
diretta.it,2006-03-06 00:00:00
discord.com,2000-11-06 11:45:38
discordapp.com,2015-02-26 22:47:43
discordapp.net,2015-08-14 04:53:45
disney-plus.net,2018-04-13 19:20:02
disneyplus.com,2000-03-23 00:53:31
disqus.com,2006-12-07 07:02:35
disquscdn.com,2013-06-21 17:58:42
dlsite.com,2000-08-29 03:03:29
dm-event.net,2018-01-29 10:09:05
dmm.co.jp,
dmm.com,1995-06-28 04:00:00
dmxleo.com,2017-02-22 20:46:00
dns-shop.ru,2006-09-26 20:00:00
doceree.com,2018-07-11 15:39:09
docomo.ne.jp,
docusign.com,1999-06-14 21:12:05
docusign.net,1999-06-14 21:12:05
doh.xfinity.com,2003-01-23 03:02:54
donjohnston.net,2001-04-29 12:08:45
doods.pro,
doorblog.jp,
doordash.com,2013-06-18 19:11:18
dotmetrics.net,2012-07-01 20:24:54
dotomi.com,2000-08-07 08:53:25
douban.com,2004-09-19 09:58:10
doubleclick.net,1996-01-16 05:00:00
doubleverify.com,2007-08-18 10:59:21
douyin.com,2005-05-02 03:16:44
douyu.com,2001-12-13 08:26:18
dpdgroup.com,2005-01-30 21:52:03
driftt.com,2013-10-31 18:08:18
drive2.ru,2007-01-16 21:00:00
drom.ru,2001-01-23 21:00:00
dropbox-dns.com,2016-09-20 18:28:49
dropbox.com,1995-06-28 04:00:00
dropboxstatic.com,2012-09-10 23:21:41
dsg.bio,
dstillery.com,2013-07-10 15:44:44
dual-s-msedge.net,2022-12-02 14:09:44
duckduckgo.com,2007-11-11 17:24:08
duolingo.com,2010-01-26 21:42:38
duosecurity.com,2010-09-27 20:30:21
durationmedia.net,2018-04-10 16:50:24
dwin1.com,2008-06-18 11:07:33
dynamics.com,1994-04-12 04:00:00
dynamicyield.com,2011-10-20 09:22:38
dynatrace.com,2004-12-23 19:06:22
dzen.ru,2001-08-21 20:00:00
e-planning.net,2002-09-23 21:29:46
e-volution.ai,
ea.com,1993-04-14 04:00:00
ebay.co.uk,1998-09-14 00:00:00
ebay.com,1995-08-04 04:00:00
ebay.com.au,
ebay.de,
ebay.it,2000-08-11 00:00:00
ebayadservices.com,2018-09-11 16:28:06
ebaystatic.com,2003-08-22 02:07:10
ec.europa.eu,
ecdns.net,2014-09-15 20:54:54
echosign.com,2005-08-14 04:29:12
economictimes.com,1996-04-12 04:00:00
ecosia.org,2009-10-04 14:08:44
edge.apple,
edgecastcdn.net,2006-12-01 02:04:21
edition.cnn.com,1993-09-22 04:00:00
eenadu.net,1997-02-03 05:00:00
eeroup.com,2015-10-09 20:32:39
eesysoft.com,2008-12-26 19:45:04
eksisozluk1923.com,2023-05-13 22:19:45
elconfidencial.com,2000-09-19 15:00:50
eldiario.es,
elegoo.com,2016-05-24 09:05:34
elespanol.com,2004-02-15 19:20:57
elle.com,1996-04-04 05:00:00
elmundo.es,
eloqua.com,2000-01-10 17:40:18
elpais.com,2001-03-05 11:32:34
eltiempo.com,1995-10-11 04:00:00
eltiempo.es,
en25.com,2002-02-07 22:54:24
ensighten.com,2009-12-22 04:45:26
ensonhaber.com,2005-04-29 14:05:00
entrust.net,1997-07-28 04:00:00
epicgames.com,1995-01-10 05:00:00
eporner.com,2008-04-08 19:43:31
eqads.com,2009-06-10 04:15:10
erome.com,1998-10-27 05:00:00
erothots.co,2022-03-19 13:30:14
espn.com,1994-10-04 04:00:00
espncricinfo.com,2007-03-08 15:15:42
etsy.com,2004-02-05 23:50:06
etsystatic.com,2011-04-11 21:04:31
eu-1-id5-sync.com,2022-05-11 15:33:44
eum-appdynamics.com,2013-04-16 01:02:47
europa.eu,
evaluationkit.com,2002-01-12 18:37:06
eventbrite.com,2006-01-25 22:38:04
everestads.net,2009-11-23 21:49:36
everestjs.net,2007-04-24 00:01:09
everesttech.net,2003-03-28 23:09:53
evernote.com,2000-01-20 04:38:40
evgnet.com,2017-06-28 20:03:09
evidon.com,2007-03-19 01:10:55
expedia.com,1995-11-25 05:00:00
exponea.com,2014-11-08 13:20:11
express.co.uk,1996-08-01 00:00:00
expressen.se,1993-09-30 00:00:00
facebook.com,1997-03-29 05:00:00
facebook.net,2004-04-01 05:44:24
fandom.com,1996-10-11 04:00:00
fanfiction.net,1998-09-18 04:00:00
fanpage.it,2009-05-29 14:36:27
fantacalcio.it,2000-02-03 00:00:00
fapello.com,2021-10-11 08:29:09
faphouse.com,2021-04-15 19:56:10
fast.com,1994-08-12 04:00:00
fatalmodel.com,2016-01-08 19:08:20
faz.net,1997-05-21 04:00:00
fb.com,1990-05-22 04:00:00
fb.watch,2017-02-06 20:19:20
fbcdn.net,2007-05-03 18:49:03
fbpigeon.com,2019-03-01 11:20:37
fbsbx.com,2010-06-08 00:22:06
fc2.com,1999-05-20 03:06:00
fedex.com,1991-02-26 05:00:00
feed.lolesports.com,2012-10-26 02:07:23
fetlife.com,2008-01-01 01:17:50
fextralife.com,2013-08-11 16:19:06
ficbook.net,2011-03-11 11:23:50
fidelity.com,1996-08-31 04:00:00
figma.com,1999-04-10 04:00:00
finance.yahoo.co.jp,
finance.yahoo.com,1995-01-18 05:00:00
finn.no,1999-11-15 00:00:00
firefox.com,1998-10-06 04:00:00
firefoxchina.cn,2011-02-18 18:06:55
fitbit.com,2003-04-25 18:02:57
fiverr.com,2009-12-08 20:58:25
flashscore.com,2002-09-01 18:11:45
flashscore.mobi,
flickr.com,2003-11-22 07:49:51
flightradar24.com,2009-11-10 14:05:03
flipboard.com,2000-03-06 00:49:34
flipkart.com,2007-06-03 19:32:20
fmkorea.com,2001-03-06 00:13:17
fmovies.to,
fmoviesz.to,
fn-pz.com,2018-03-13 21:01:38
focus.de,
fon.bet,
fonts.net,1999-03-03 05:00:00
footprint.net,1998-07-08 04:00:00
for-j.com,2022-10-03 07:34:17
forbes.com,1993-06-17 04:00:00
force.com,1991-05-20 04:00:00
foresee.com,1995-09-21 04:00:00
forgeofempires.com,2011-10-21 14:17:08
forter.com,2001-01-25 11:41:16
fout.jp,
foxnews.com,1995-06-21 04:00:00
foxsports.com,1998-08-10 04:00:00
fq1000.cn,2020-07-18 21:20:50
francetvinfo.fr,2008-08-25 15:23:32
free.fr,1999-03-15 17:36:09
freebitco.in,2013-10-10 19:29:11
freepik.com,2010-08-04 12:47:21
freshdesk.com,2004-05-11 21:19:07
ftstatic.com,2016-10-04 11:02:24
fwmrm.net,2007-11-13 19:21:54
fyber.com,1999-11-23 20:02:47
fzbox.tools,2016-09-07 07:20:58
g2crowd.com,2012-08-20 17:58:20
game8.jp,
gamepass.com,2002-05-29 15:27:05
gamer.com.tw,2000-07-10 10:21:10
gamerant.com,2009-08-17 18:27:50
gamespot.com,1996-01-13 05:00:00
gamewith.jp,
gammaplatform.com,2014-03-25 14:31:13
gamoshi.io,2015-09-11 05:29:57
gap.com,1993-09-13 04:00:00
garena.com,2000-07-03 12:13:41
garmin.com,1995-05-02 04:00:00
gazeta.pl,2001-01-01 12:00:00
gazeta.ru,1998-04-21 18:33:45
gazzetta.it,1996-01-29 00:00:00
gbqofs.com,2019-09-29 12:10:54
gcdn.co,2014-06-11 11:34:49
gdz.ru,2016-01-15 14:12:45
geeksforgeeks.org,2009-03-19 06:08:55
geistm.com,2014-01-09 01:21:08
gelotra.com,2020-02-10 15:48:26
genius.com,1994-08-05 04:00:00
geoedge.be,
getadblock.com,2012-09-03 21:01:53
getgo.com,1998-04-29 04:00:00
getliner.com,2014-12-09 11:09:05
getpocket.com,2011-02-03 06:10:08
getpublica.com,2016-08-01 22:57:28
gfx.ms,
giallozafferano.it,2006-06-09 00:00:00
gigya.com,2006-06-11 10:47:20
giphy.com,2012-11-27 17:56:21
gismeteo.ru,2000-12-18 21:00:00
github.com,2007-10-09 18:20:50
glance.net,2000-04-03 11:13:50
glassdoor.com,2003-05-22 18:16:36
globalsign.net,1998-02-18 05:00:00
globo.com,1998-12-21 05:00:00
glpals.com,2001-02-09 20:31:26
gmail.com,1995-08-13 04:00:00
gmx.com,1994-05-07 04:00:00
gmx.net,1998-12-09 05:00:00
go.com,1998-01-09 05:00:00
goal.com,1995-04-18 04:00:00
gob.mx,1991-02-28 00:00:00
godaddy.com,1999-03-02 05:00:00
gofile.io,2014-11-26 20:30:25
gogoanimehd.io,2023-07-11 18:21:36
goo.gl,
goo.ne.jp,
goodhousekeeping.com,1995-08-25 04:00:00
goodreads.com,2002-12-09 11:35:41
googl.com,2001-01-24 11:47:24
google-analytics.com,2005-07-18 19:24:32
google.ad,
google.ae,
google.al,
google.am,
google.as,
google.at,
google.az,
google.ba,
google.be,
google.bf,
google.bg,
google.bi,2002-09-29 22:00:00
google.bj,
google.bs,
google.bt,
google.by,2004-05-14 00:00:00
google.ca,2000-10-04 02:21:23
google.cat,2006-02-14 08:55:44.988000
google.cd,
google.cf,
google.cg,
google.ch,
google.ci,
google.cl,2002-10-22 17:48:23
google.cm,
google.cn,2003-03-17 12:20:05
google.co.ao,
google.co.bw,
google.co.ck,
google.co.cr,2002-04-18 18:00:00
google.co.id,2004-12-18 13:33:21
google.co.il,
google.co.in,2003-06-23 14:02:33
google.co.jp,
google.co.ke,2003-04-17 21:00:00
google.co.kr,1999-07-28 00:00:00
google.co.ls,
google.co.ma,
google.co.mz,
google.co.nz,
google.co.th,
google.co.tz,
google.co.ug,
google.co.uk,1999-02-14 00:00:00
google.co.uz,
google.co.ve,
google.co.vi,
google.co.za,2001-06-25 20:37:59
google.co.zm,
google.co.zw,
google.com,1997-09-15 04:00:00
google.com.af,
google.com.ag,2003-03-31 19:26:53
google.com.ar,2013-10-29 00:00:00
google.com.au,
google.com.bd,
google.com.bh,
google.com.bn,
google.com.bo,
google.com.br,1999-05-18 00:00:00
google.com.bz,
google.com.co,2003-04-21 00:00:00
google.com.cu,
google.com.cy,
google.com.do,2003-04-11 04:00:00
google.com.ec,
google.com.eg,
google.com.et,
google.com.fj,
google.com.gh,
google.com.gi,
google.com.gt,
google.com.hk,2001-07-14 00:00:00
google.com.jm,
google.com.kh,
google.com.kw,
google.com.lb,
google.com.ly,2003-07-16 22:00:00
google.com.mm,
google.com.mt,
google.com.mx,2003-02-24 00:00:00
google.com.my,
google.com.na,
google.com.ng,
google.com.ni,
google.com.np,
google.com.om,
google.com.pa,
google.com.pe,
google.com.pg,
google.com.ph,
google.com.pk,
google.com.pr,2003-01-25 00:00:00
google.com.py,
google.com.qa,
google.com.sa,
google.com.sb,
google.com.sg,
google.com.sl,
google.com.sv,
google.com.tj,
google.com.tr,2001-08-23 00:00:00
google.com.tw,2000-08-29 10:22:50
google.com.ua,2002-12-04 00:00:00
google.com.uy,
google.com.vc,
google.com.vn,
google.cv,
google.cz,
google.de,
google.dj,
google.dk,1999-01-10 00:00:00
google.dm,2004-08-23 23:00:00
google.dz,
google.ee,2010-07-04 04:34:46
google.es,
google.fi,2006-06-30 00:00:00
google.fm,2000-09-05 23:59:59
google.fr,2000-07-26 22:00:00
google.ga,
google.ge,
google.gg,
google.gl,
google.gm,
google.gr,
google.gy,
google.hn,
google.hr,2011-09-20 22:00:00
google.ht,
google.hu,
google.ie,2002-03-21 00:00:00
google.im,
google.iq,
google.is,2002-05-22 00:00:00
google.it,1999-12-10 00:00:00
google.je,
google.jo,
google.kg,2004-02-10 09:42:42
google.ki,
google.kz,1999-06-07 14:01:43 (GMT+0:00)
google.la,2002-07-18 01:00:00
google.li,
google.lk,
google.lt,2018-12-07 00:00:00
google.lu,
google.lv,
google.md,
google.me,2008-06-13 17:17:40
google.mg,2009-06-18 08:38:20.671000
google.mk,
google.ml,
google.mn,2003-04-07 00:00:00
google.mu,2000-12-20 13:00:00
google.mv,
google.mw,
google.ne,
google.nl,1999-05-27 00:00:00
google.no,2001-02-26 00:00:00
google.nr,
google.nu,1999-06-07 00:00:00
google.pl,2002-09-19 13:00:00
google.pn,
google.ps,
google.pt,
google.ro,2000-07-17 00:00:00
google.rs,
google.ru,2004-03-03 21:00:00
google.rw,
google.sc,
google.se,2003-08-27 00:00:00
google.sh,1999-06-07 17:23:46
google.si,2005-04-04 00:00:00
google.sk,2003-07-24 00:00:00
google.sm,
google.sn,
google.so,2011-01-24 00:00:00
google.sr,
google.st,2004-06-15 00:00:00
google.td,
google.tg,
google.tl,
google.tm,
google.tn,
google.to,
google.tt,
google.us,2002-04-19 23:16:01
google.vu,
google.ws,2002-03-03 17:00:26
googleads.g.doubleclick.net,1996-01-16 05:00:00
googleadservices.com,2003-06-19 16:34:53
googleapis.cn,2006-11-01 10:09:44
googleapis.com,2005-01-25 17:52:26
googleoptimize.com,2019-04-06 18:48:23
googletagservices.com,2008-12-17 16:23:09
googlevideo.com,2003-05-25 13:35:05
googlezip.net,2011-03-10 18:41:09
goooooooooooooooooooooooooooooooooooooooooooooooooooooooooogle.com,2019-04-24 22:56:10
gos-gsp.io,2019-05-07 00:48:54
gosuslugi.ru,2008-09-01 20:00:00
gouvernement.fr,2003-09-28 22:00:00
gov.br,
gov.uk,1996-08-01 00:00:00
grammarly.com,2009-07-01 19:43:00
grammarlyaws.com,2018-02-15 22:11:15
gravatar.com,2004-07-15 20:57:48
grid.id,2017-02-06 01:54:43
group.intesasanpaolo.com,2006-08-24 18:14:08
gsmarena.com,2000-06-15 17:53:33
gstatic.com,2008-02-11 15:31:25
gumgum.com,2004-04-27 19:04:06
gvt1.com,2008-03-03 23:41:26
gvt3.com,2008-03-03 23:41:27
gz-ztq.com,2010-12-23 05:55:41
h-cdn.com,2015-06-22 13:21:45
haberturk.com,2000-06-05 13:27:26
hanime.tv,
hao123.com,2000-11-15 15:17:48
hapara.com,2010-06-01 07:51:25
harvard.edu,
hatenablog.com,2011-10-17 04:29:39
hbomax.com,2000-02-18 18:40:23
hdfcbank.com,1997-04-10 04:00:00
hdrezka.ag,2017-03-15 02:02:55
hdtlaoi.cc,2023-07-26 14:13:37
healthline.com,2004-08-25 18:41:17
hearstapps.com,2016-03-04 22:31:49
hellomagazine.com,1997-09-22 04:00:00
helpshift.com,2011-11-10 06:43:29
hepsiburada.com,2000-07-04 14:34:18
here.com,1995-06-11 04:00:00
heroku.com,2007-06-15 01:45:57
herokudns.com,2016-03-30 18:30:37
hesoorda.com,2023-07-20 11:02:02
hexagon-analytics.com,2016-10-11 17:09:56
heylink.me,2020-05-09 09:55:52
heytapmobile.com,2019-06-11 07:41:24
hgrtb.com,2021-02-08 16:06:13
hh.ru,2000-03-15 15:32:29
hihonorcloud.com,2020-11-05 03:22:03
hindustantimes.com,1996-08-14 04:00:00
hitomi.la,2014-10-16 22:01:50
hivestreaming.com,2013-01-16 07:54:19
hln.be,
hm.com,1997-11-14 05:00:00
hochi.news,
hola.com,1995-08-31 04:00:00
hollywoodbets.net,2003-10-17 06:17:02
homedepot.com,1992-08-04 04:00:00
homes.com,1992-02-21 05:00:00
honey.io,2011-08-26 01:57:06
honeywell.com,1988-02-11 05:00:00
hotels.com,1994-03-30 05:00:00
hotmail.com,1996-03-27 05:00:00
hotmart.com,2006-02-19 19:20:03
hotpepper.jp,
hotstar.com,1996-02-16 05:00:00
hp.com,1986-03-03 05:00:00
hpanalytics.net,2018-12-17 16:12:27
hpdaas.com,2015-08-03 22:25:04
hqporner.com,2013-06-21 13:19:29
href.li,
hrzn-nxt.com,2019-04-11 20:17:50
hs-analytics.net,2013-09-18 15:29:28
hs-scripts.com,2016-07-11 21:06:11
hsbc.com,1999-01-29 05:00:00
hscollectedforms.net,2017-01-23 21:03:38
huawei.com,2000-01-11 13:37:24
hubspot.net,2005-02-07 03:50:36
huffingtonpost.es,
huffpost.com,2005-03-10 17:07:10
hulu.com,1997-02-21 05:00:00
hungryroot.com,2015-01-28 20:01:51
huntington.com,1994-03-28 05:00:00
huntress.io,2015-06-01 16:16:38
huntresscdn.com,2022-05-21 16:03:03
hupu.com,2000-01-12 07:17:18
hurriyet.com.tr,1996-10-31 00:00:00
hybrid.ai,
i18n-pglstatp.com,2020-08-06 08:27:54
iasds01.com,2014-01-09 16:59:36
ibm.com,1986-03-19 05:00:00
ibytedtos.com,2017-12-18 02:39:55
ibyteimg.com,2019-07-19 08:38:22
icanhazip.com,2009-07-31 00:13:53
iccu.com,1995-10-05 04:00:00
icicibank.com,1996-07-16 04:00:00
icloud-content.com,2014-10-28 16:28:49
icloud.com,1999-01-15 05:00:00
idealista.com,1999-08-21 21:28:24
identitymgmt.net,2004-03-10 17:23:05
identrust.com,2004-02-19 19:35:50
idlixplus.net,2023-08-23 02:50:14
idnes.cz,1997-11-30 01:00:00
iesnare.com,2003-03-12 05:42:09
ifeng.com,2004-10-26 18:21:59
ign.com,1998-07-25 04:00:00
igodigital.com,2003-10-12 03:48:34
iheart.com,1999-01-07 05:00:00
ikea.com,1995-07-29 04:00:00
ilfattoquotidiano.it,2009-06-10 12:15:54
ilmessaggero.it,1997-10-16 00:00:00
ilmeteo.it,2000-11-28 00:00:00
ilovepdf.com,2009-12-16 13:34:21
iltalehti.fi,1991-01-01 00:00:00
imdb.com,1996-01-05 05:00:00
imgix.net,2011-06-23 01:52:27
imgur.com,2009-01-09 20:30:53
imgur.io,2021-10-21 15:32:06
immedia-semi.com,2008-03-06 03:52:58
impervadns.net,2020-09-29 19:03:36
impots.gouv.fr,2008-12-10 08:44:04
impress.co.jp,
impression.link,2017-08-09 00:14:28.240000
indeed.com,1998-03-30 05:00:00
independent.co.uk,1996-08-01 00:00:00
index-education.net,2001-11-20 08:58:43
index.hr,2012-09-13 22:00:00
india.com,1997-08-13 04:00:00
indiamart.com,1996-03-08 05:00:00
indianexpress.com,2002-05-20 18:06:29
indiatimes.com,1996-11-22 05:00:00
indiatoday.in,2005-01-06 03:26:32
infinitecampus.org,2000-03-13 15:36:04
infobae.com,2002-04-05 13:59:30
ing.com,1999-02-23 05:00:00
inmobi.com,2007-05-15 18:22:04
inner-active.mobi,
innogames.com,2006-08-23 00:06:39
inq.com,1998-11-21 05:00:00
inscloudgate.net,2015-05-04 22:17:57
inshosteddata.com,2015-01-12 19:51:01
insightexpressai.com,2005-01-10 15:04:45
instabug.com,2000-05-16 23:13:25
instagram.com,2004-06-04 13:37:18
instructure.com,1998-02-25 05:00:00
int08h.com,2016-09-24 01:46:28
intel.com,1986-03-25 05:00:00
intercom.com,1993-12-14 05:00:00
intercom.io,2011-08-15 11:52:53
intercomcdn.com,2013-04-25 22:04:57
interia.pl,1999-10-07 13:00:00
intuit.com,1994-02-18 05:00:00
intuitcdn.net,2012-08-09 17:54:58
inven.co.kr,2004-10-07 00:00:00
investing.com,1995-02-23 05:00:00
investopedia.com,1999-07-25 00:18:55
invoca.net,2013-08-30 16:18:49
ionos.com,2000-02-29 00:40:36
ip-api.com,2012-04-24 13:42:54
ipify.org,2014-01-05 22:02:15
ipinfo.io,2013-04-23 17:30:12
iponweb.net,2000-05-30 11:25:21
iporntv.net,2011-08-18 15:01:32
ipredictive.com,2010-01-17 01:45:04
iprom.net,2004-05-25 12:00:23
iqiyi.com,2010-07-11 19:00:19
iqzone.com,2003-10-22 18:17:18
irs.gov,1997-10-02 01:29:25
is.fi,2016-09-12 00:00:00
isappcloud.com,2015-02-08 13:14:22
ispot.tv,
itab.link,2021-10-09 15:09:50.874000
ithome.com,1999-12-19 17:19:53
itmedia.co.jp,
itponytaa.com,2022-06-27 15:21:50
itskiddien.club,2022-10-06 14:16:23
itsupport247.net,2006-07-25 05:47:47
ivanticloud.com,2017-01-23 19:28:58
ixbt.com,1998-06-15 04:00:00
ixigua.com,2011-06-28 18:03:27
ixxx.com,1998-09-22 04:00:00
jabra.com,1994-09-25 04:00:00
jalan.net,1999-01-05 05:00:00
jamfcloud.com,2012-04-11 22:05:42
japanpost.jp,
jd.com,1992-09-29 04:00:00
jerkmate.com,2017-10-16 18:47:17
jio.com,1998-11-20 05:00:00
jiocinema.com,2012-06-13 12:24:26
jixie.io,2019-05-29 06:30:26
jsdelivr.net,2012-05-16 21:35:05
jsmcrptjmp.com,2018-11-09 09:42:37
jtvnw.net,2008-11-12 07:43:25
juno.com,1994-12-17 05:00:00
justdial.com,1997-11-14 05:00:00
justpremium.com,2010-08-10 18:32:43
justwatch.com,2003-06-03 18:28:58
jut.su,2012-10-23 13:11:44
jw.org,1999-03-06 05:00:00
jwpcdn.com,2012-08-07 18:04:37
jwpsrv.com,2012-10-04 23:53:50
kakaku.com,1998-07-08 04:00:00
kakao.com,1996-12-29 05:00:00
kamihq.com,2015-07-16 20:43:32
kaptcha.com,2006-09-12 15:14:53
kargo.com,1999-12-17 15:05:04
kaspersky.com,1997-10-09 04:00:00
kbnmnl.com,2022-07-05 10:52:29
kemdikbud.go.id,2011-12-28 13:35:14
kemono.party,2020-01-03 14:37:57
ketchjs.com,2022-10-23 21:13:44
khanacademy.org,2006-03-14 22:24:02
kick.com,1995-05-01 04:00:00
kicker.de,
kindred.co,2014-09-23 18:03:45
king.com,1994-02-22 05:00:00
kinopoisk.ru,2003-07-14 20:00:00
klarna.com,2008-12-12 13:20:40
klaviyo.com,2012-03-29 13:54:36
kleinanzeigen.de,
kmail-lists.com,2013-05-03 17:40:42
knotch.it,2012-04-13 00:05:28
knowbe4.com,2010-08-23 16:24:14
kochava.com,2011-04-07 15:39:53
kohls.com,1998-06-11 04:00:00
komikcast.vip,
kompas.com,1995-12-18 05:00:00
kooora.com,2002-09-01 10:16:14
kp.ru,1997-10-20 13:02:18
krushmedia.com,2012-09-30 03:31:53
kurashiru.com,2015-01-08 06:32:29
kurir.rs,
kuronekoyamato.co.jp,
kxcdn.com,2013-01-30 22:12:47
l-dc-msedge.net,2021-12-01 22:56:01
labanquepostale.fr,2006-12-05 09:41:44
ladsp.com,2011-08-12 01:25:28
lakesidesoftware.com,1998-03-03 05:00:00
lanacion.com.ar,2013-08-22 00:00:00
larazon.es,
larepublica.pe,
lastampa.it,1996-01-29 00:00:00
latimes.com,1990-12-12 05:00:00
lavanguardia.com,2003-08-12 18:32:53
lazada.co.id,2012-02-24 13:28:19
lazada.com,2009-08-25 06:53:59
lazlogistics.ph,
leanplum.com,2012-03-25 22:05:16
learnplatform.com,2014-10-09 18:15:28
leboncoin.fr,2007-01-15 15:52:15
lefigaro.fr,1996-08-13 22:00:00
legacy.com,1994-02-01 05:00:00
lemmatechnologies.com,2015-12-19 10:32:30
lemonde.fr,2005-08-02 14:16:36
lenovo.com,2002-09-06 01:53:03
lenovomm.com,2009-09-02 01:57:25
lenta.ru,1999-07-22 11:16:41
leparisien.fr,2009-02-09 15:29:51
lequipe.fr,1997-11-02 23:00:00
letras.mus.br,2003-11-04 00:00:00
lgtvsdp.com,2010-09-27 03:23:38
lh3.googleusercontent.com,2008-11-17 15:58:29
libero.it,1999-06-03 00:00:00
librefutboltv.com,2022-08-30 22:17:34
librus.pl,2002-09-14 13:00:00
lichess.org,2010-06-14 09:06:45
life.ru,1999-07-19 14:11:21
liftoff-creatives.io,2022-05-24 02:03:04
liftoff.io,2012-10-30 22:48:55
likee.video,
line.me,2008-04-29 18:01:09
lineate-33x.net,2018-04-16 11:17:05
linkbux.com,2017-05-31 18:41:07
linkedin.com,2002-11-02 15:38:11
linkkf.app,2019-04-17 03:19:53
linktr.ee,2016-03-08 21:02:27
liputan6.com,1999-12-23 11:02:59
list-manage.com,2006-04-18 15:24:25
listrakbi.com,2010-07-06 14:34:47
liteapks.com,2022-04-09 16:21:14
literotica.com,1998-11-21 05:00:00
live-video.net,2019-07-25 21:48:59
live.com,1994-12-28 05:00:00
live.net,1995-07-17 04:00:00
livechatinc.com,2005-10-31 18:01:25
livedoor.com,1999-10-01 03:15:42
livedoor.jp,
livehindustan.com,2008-06-18 06:30:35
liveintent.com,2009-03-06 02:22:13
livejasmin.com,2001-11-12 08:08:01
livejournal.com,1999-04-15 04:00:00
livemint.com,2006-11-29 10:35:06
liveperson.net,1999-01-14 05:00:00
livescore.com,1998-07-15 04:00:00
llnwi.net,2013-07-31 13:44:15
localytics.com,2008-07-07 21:18:57
logitech.com,1990-05-07 04:00:00
loopme.me,2012-08-22 15:42:17
lowes.com,1995-06-29 04:00:00
lpsnmedia.net,2010-08-04 13:16:28
lsrelayaccess.com,2017-02-02 00:13:52
ltmsphrcl.net,2022-10-11 15:15:21
ltn.com.tw,2012-05-03 10:05:42
lunamedia.live,
lura.live,
macys.com,1994-02-07 05:00:00
made-in-china.com,1998-02-28 05:00:00
magazineluiza.com.br,1997-10-06 00:00:00
magsrv.com,2023-08-01 11:28:55
mail.proton.me,2010-10-10 21:20:51
mail.ru,1997-09-27 14:33:26
mailchimp.com,2001-06-29 22:51:45
manageengine.com,2002-02-22 10:18:22
mangago.me,2012-08-02 14:33:58
mangaku.fun,2021-08-27 10:34:09
mangalib.me,2017-07-07 07:54:27
manganato.com,2021-05-22 03:28:27
mangatoto.com,2021-03-31 22:13:06
map.baidu.com,1999-10-11 11:05:17
map.naver.com,1997-09-12 04:00:00
mapbox.com,2003-11-27 11:15:57
maps.google.com,1997-09-15 04:00:00
marca.com,1997-03-12 05:00:00
market-trk.com,2019-10-07 21:13:10
market.yandex.ru,1997-09-23 09:45:07
marketiq.com,1995-12-01 05:00:00
marketo.com,2002-07-23 19:16:22
marketo.net,2007-01-22 21:45:25
marriott.com,1993-01-05 05:00:00
mastercard.com,1994-07-27 04:00:00
mat6tube.com,2018-05-17 13:19:33
max.com,1992-12-01 05:00:00
mayoclinic.org,1997-02-08 05:00:00
maze.co,2010-07-20 18:00:43
mcafee.com,1992-08-05 04:00:00
mcusercontent.com,2019-08-21 18:10:20
mczbf.com,2019-04-04 23:29:15
mdhv.io,2017-03-08 18:33:52
me.com,1994-08-23 04:00:00
medallia.com,2000-06-28 19:23:37
medallia.eu,
media.net,1998-03-17 05:00:00
media6degrees.com,2007-02-28 20:45:55
mediaexpert.pl,2002-06-25 13:00:00
mediafire.com,2002-08-11 15:31:16
mediago.io,2019-03-15 08:46:59
mediaplex.com,1998-02-11 05:00:00
mediaset.it,1996-02-27 00:00:00
mediavine.com,2002-01-29 23:27:19
medicalnewstoday.com,2003-11-05 15:40:17
medium.com,1998-05-27 04:00:00
medlineplus.gov,2000-02-04 19:29:16
mega.nz,
megamarket.ru,2010-10-05 10:10:31
meraki.com,2003-01-06 23:35:38
mercadolibre.com,1999-05-08 07:46:48
mercadolibre.com.ar,2013-10-18 00:00:00
mercadolibre.com.mx,1999-09-03 00:00:00
mercadolivre.com.br,1999-05-14 00:00:00
mercari.com,2004-07-16 18:33:20
merriam-webster.com,1999-02-08 05:00:00
messenger.com,1998-11-04 05:00:00
metadsp.co.uk,2016-09-07 00:00:00
meteofrance.com,1997-11-08 05:00:00
metropoles.com,2003-07-28 18:08:23
mheducation.com,2000-06-08 21:53:21
mi-img.com,2012-06-15 03:32:17
mi.com,1998-11-06 05:00:00
microad.jp,
microsoft.com,1991-05-02 04:00:00
microsoft365.com,2010-04-08 21:25:28
microsoftonline.com,2002-07-09 19:27:26
miguvideo.com,2014-09-29 08:41:09
milliyet.com.tr,1996-10-15 00:00:00
mimecast.com,2003-02-20 18:48:27
minhngoc.net.vn,
mirror.co.uk,1996-08-01 00:00:00
missav.com,2018-08-15 18:12:07
miui.com,2001-12-05 11:50:12
mk.ru,1997-08-02 14:31:43
mktoresp.com,2008-10-31 00:06:31
ml314.com,2013-04-22 16:23:21
mlb.com,1994-11-01 05:00:00
mmechocaptiveportal.com,2021-06-30 19:15:37
mmi360.net,2021-02-05 22:01:30
mmstat.com,2007-12-25 02:04:23
mncdn.com,2010-01-13 14:47:33
mobfox.com,2010-03-21 00:52:33
mobilefuse.com,2009-10-11 18:29:12
modyolo.com,2021-09-05 10:49:15
moengage.com,2014-04-19 11:27:16
monetate.net,2007-11-10 11:01:50
money.pl,2001-05-24 13:00:00
moneycontrol.com,1999-02-28 05:00:00
mos.ru,1996-12-23 09:49:03
mosyle.com,2012-08-23 10:23:29
moz.works,2015-08-18 17:20:15
mozgcp.net,2018-08-10 18:00:02
mozilla.com,1994-10-18 04:00:00
mozilla.org,1998-01-24 05:00:00
mparticle.com,2012-07-02 16:54:50
mrf.io,2014-12-29 18:36:12
mrmserve.com,2015-08-10 22:42:18
mrpdata.net,2016-08-09 12:15:34
mrtnsvr.com,2019-09-23 17:14:40
msauthimages.net,2018-11-12 23:35:27
msdmanuals.com,2014-05-19 21:18:44
msecnd.net,2008-09-29 23:13:17
msftauth.net,2018-10-25 18:11:25
msftauthimages.net,2018-11-12 23:40:15
msftstatic.com,2020-10-16 18:06:22
msn.com,1994-11-10 05:00:00
mtb.com,2000-11-13 11:33:47
mtxserv.com,2012-03-20 12:50:16
mundodeportivo.com,2003-06-12 18:16:05
music.yandex.ru,1997-09-23 09:45:07
music.youtube.com,2005-02-15 05:13:12
mxpnl.com,2012-08-01 22:05:16
mxptint.net,2007-07-30 02:24:08
myanimelist.net,2006-04-01 01:16:01
mydrivers.com,1999-03-09 05:00:00
myflixerz.to,
mykronos.com,2012-05-11 18:48:57
mynavi.jp,
mynet.com,1994-12-19 05:00:00
myntra.com,2006-12-13 14:20:35
mypurecloud.com,2014-06-16 19:14:29
mysearch.space,
myworkday.com,2004-09-18 18:21:48
myworkdayjobs.com,2014-03-13 00:06:42
n-able.com,2002-04-25 18:15:12
n-tv.de,
namequery.com,1999-02-18 05:00:00
namu.wiki,2015-04-11 19:54:14
narrativ.com,2004-05-21 18:02:13
narrative.io,2014-09-22 00:30:14
narvar.com,2012-03-17 23:02:59
nate.com,1996-10-28 05:00:00
navdmp.com,2011-04-20 14:50:43
naver.com,1997-09-12 04:00:00
naver.jp,
navyfederal.org,1997-03-24 05:00:00
nbcnews.com,1997-06-26 04:00:00
nc0.co,2015-02-10 21:14:00
ndtv.com,1996-09-26 04:00:00
nel.goog,2018-05-18 21:18:44
nelreports.net,2019-03-28 21:22:10
nest.com,1994-09-07 04:00:00
netflix.com,1997-11-11 05:00:00
netflix.net,1997-12-08 05:00:00
netkeiba.com,1999-06-21 05:09:43
nettruyenus.com,2023-06-15 04:46:44
network-auth.com,2012-10-04 21:21:10
new-porn.video,
news.com.au,
news.google.com,1997-09-15 04:00:00
news.livedoor.com,1999-10-01 03:15:42
news.mail.ru,1997-09-27 14:33:26
news.naver.com,1997-09-12 04:00:00
news.ru,1998-06-25 16:12:44
news.sky.com,1988-03-31 05:00:00
news.yahoo.co.jp,
news.yahoo.com,1995-01-18 05:00:00
news18.com,1999-04-07 04:00:00
newsnow.co.uk,1997-04-29 00:00:00
nextdoor.com,2004-02-11 19:21:04
nexthink.cloud,2018-09-10 09:56:14.037000
nexusmods.com,2011-04-14 04:33:42
nfl.com,1996-05-20 04:00:00
nflxso.net,2016-03-25 20:41:16
nflxvideo.net,2011-05-25 19:47:43
nhentai.net,2014-06-26 01:40:47
nhk.or.jp,
nhs.uk,1996-08-01 00:00:00
nicovideo.jp,
nielsencollections.com,2018-06-12 14:48:25
nielsendigital.net,2019-12-09 16:50:16
nih.gov,1997-10-02 01:29:27
nike.com,1995-03-04 05:00:00
nikkansports.com,1996-08-26 04:00:00
nikkei.com,1995-05-09 04:00:00
ninjarmm.com,2013-09-14 23:47:52
nintendo.net,1996-10-23 04:00:00
noaa.gov,1997-10-02 01:29:27
noodlemagazine.com,2018-06-18 17:46:47
nordea.com,2000-04-18 19:35:24
nordea.se,2006-02-28 00:00:00
nordstrom.com,1994-07-14 04:00:00
nordvpn.com,2012-09-20 19:56:20
nos.nl,1995-05-17 00:00:00
note.com,1995-05-03 04:00:00
noticias.uol.com.br,1996-04-24 00:00:00
notion.site,
notion.so,2015-03-31 00:00:00
novinky.cz,1997-11-29 01:00:00
npr.org,1993-12-13 05:00:00
npttech.com,2015-06-17 21:56:05
nr-data.net,2014-04-11 23:51:36
nrk.no,1999-11-15 00:00:00
ns1p.net,2014-04-21 04:00:39
ntv.io,2013-10-01 18:54:00
nu.nl,1998-05-26 00:00:00
nutaku.net,2014-07-07 01:56:12
nypost.com,1996-09-29 04:00:00
nyt.com,1994-10-26 04:00:00
nytimes.com,1994-01-18 05:00:00
o2.pl,1999-12-22 12:00:00
oanda.com,1996-08-04 04:00:00
obozrevatel.com,2002-03-22 14:46:02
oca.nflxvideo.net,2011-05-25 19:47:43
ocmhood.com,2019-11-18 13:59:48
office.com,1999-04-20 04:00:00
office.net,1994-11-14 05:00:00
office365.com,2005-06-20 18:10:48
office365.us,2010-04-19 15:20:31
ok.ru,1998-11-03 16:40:32
ok.xxx,2019-07-06 11:34:01
okdiario.com,2014-10-13 10:54:24
okta.com,2004-06-11 18:02:50
oktacdn.com,2014-11-11 02:27:56
ole.com.ar,2013-08-22 00:00:00
olx.com.br,2006-06-01 00:00:00
olx.pl,2006-11-10 17:56:31
olx.ua,2013-02-27 09:47:42
omappapi.com,2020-03-16 16:31:08
omegle.com,2008-07-26 18:04:32
omnatuor.com,2021-07-12 08:47:21
omnitagjs.com,2013-12-04 16:12:56
onaudience.com,2015-03-11 22:48:45
onedrive.com,1998-06-08 04:00:00
onet.pl,1996-06-22 01:00:00
onetag-sys.com,2015-04-05 15:30:12
onetag.io,2023-06-26 17:00:00
onlyfans.com,2013-01-29 19:10:56
onmicrosoft.com,2005-02-03 05:15:04
op.gg,
openai.com,2007-01-19 19:28:24
opensea.io,2017-12-27 22:53:42
opera-api2.com,2023-02-17 14:41:40
opera.com,1999-04-14 04:00:00
oppomobile.com,2007-09-20 03:01:51
oraclecloud.com,2009-02-26 10:37:37
oracleinfinity.io,2017-03-24 21:21:36
orange.com,1993-12-09 05:00:00
orange.fr,2001-02-01 23:00:00
orbsrv.com,2020-05-16 14:45:36
orf.at,
oricon.co.jp,
ott-video-cf.formula1.com,1999-04-09 04:00:00
otto.de,
ouest-france.fr,1997-04-21 22:00:00
outbrain.org,2005-12-24 04:29:50
outlook.com,1994-08-18 04:00:00
ov1o.com,2022-04-28 07:55:46
owneriq.net,2007-10-04 16:47:00
ozon.ru,1998-02-09 07:45:50
p-n.io,2018-03-23 18:36:41
page.link,2017-02-09 16:11:13.744000
pages.dev,2020-09-02 02:33:29
paloaltonetworks.com,2005-02-21 02:42:10
pandora.com,1993-12-28 05:00:00
pangle.io,2019-11-03 09:39:26
pantip.com,1996-10-07 04:00:00
paramountplus.com,2012-01-03 19:06:35
parastorage.com,2010-05-03 09:41:29
pardot.com,2007-01-30 03:48:01
pari-match-bet.in,2022-10-22 09:52:22
parimatch-in.com,2021-04-30 10:25:50
parrable.com,2014-03-15 16:13:28
parsely.com,2004-05-19 02:16:37
patreon.com,2013-02-27 05:48:01
paypal.com,1999-07-15 05:32:11
pdst.fm,2018-08-14 16:26:06
peacocktv.com,2013-02-04 14:38:59
pearson.com,1996-11-25 05:00:00
pemsrv.com,2023-08-01 11:28:55
pendo.io,2013-06-17 18:17:52
people.com,1994-06-02 04:00:00
perfdrive.com,2014-09-08 13:46:13
permutive.com,2014-03-03 14:08:42
pgammedia.com,2017-08-13 21:48:53
pgf-asw0zz.com,2023-06-16 15:17:27
pghub.io,2020-11-30 22:07:21
phairtuxsurvey.top,2023-08-02 11:35:08
phicdn.net,2014-11-14 09:08:03
phncdn.com,2009-12-11 06:00:02
pikabu.ru,2009-04-03 20:00:00
pinduoduo.com,2010-08-07 18:17:19
pingdom.net,2009-08-04 19:08:43
pinimg.com,2010-05-29 02:03:48
pinterest.co.uk,2011-02-06 00:00:00
pinterest.com,2009-11-26 19:21:23
pinterest.com.mx,2011-10-25 00:00:00
pinterest.es,
piojm.tech,2019-09-02 03:07:11
pippio.com,2011-07-04 08:59:36
pixeldrain.com,2015-08-24 19:43:41
pixiv.net,2007-07-16 09:05:47
pki.goog,2016-06-13 13:23:05
placeholder.com,2002-05-05 11:05:42
playfabapi.com,2014-07-23 17:46:16
playstation.com,1997-01-14 05:00:00
playvideodirect.com,2023-04-20 13:12:26
plista.com,2007-09-27 19:47:04
poe.com,2002-04-25 18:14:15
pointmediatracker.com,2019-10-17 23:25:21
poki.com,2001-04-18 10:35:13
politico.com,1998-09-18 04:00:00
polyfill.io,2013-03-18 19:00:23
popularcldfa.co,2023-05-15 08:40:50
pornhub.com,2000-10-31 12:23:38
pornpics.com,1996-04-03 05:00:00
pornzog.com,2014-10-09 14:31:24
portal.steamclaims.com,2022-08-18 20:24:43
poshmark.com,2011-05-10 19:12:13
post.lu,
poste.it,2000-05-29 00:00:00
postfinance.ch,
postrelease.com,2006-08-18 23:20:47
powerapps.com,1998-03-10 05:00:00
powerplatform.com,2002-09-30 20:21:54
powerschool.com,1997-01-22 05:00:00
ppgames.net,2021-06-07 12:58:55
ppslot001.net,2021-08-30 07:08:04
pravda.com.ua,2001-02-01 00:00:00
predictiondexchange.com,2018-03-05 14:33:42
premierleague.com,1997-07-16 04:00:00
pricespider.com,2004-01-26 19:12:41
primevideo.com,2000-10-31 12:22:33
printercloud.com,2008-03-07 12:59:22
privacymanager.io,2019-11-21 14:05:17
prmutv.co,2020-01-11 16:53:01
pro-market.net,1999-11-07 20:21:27
programme-tv.net,2002-10-06 20:41:18
promiedos.com.ar,2013-08-26 00:00:00
proper.io,2014-12-24 00:31:14
proton.me,2010-10-10 21:20:51
pse.is,2018-05-10 00:00:00
ptt.cc,2002-01-18 04:21:24
pubmnet.com,2021-05-04 23:10:13
pudelek.pl,2005-09-05 14:08:55
pullcf.com,2020-06-30 13:09:14
pullcm.com,2020-06-30 13:09:11
pushlycdn.com,2020-01-28 19:20:06
pushmeup.art,2021-01-15 15:36:20
pushpong.net,2021-05-17 11:44:06
pxf.io,2016-07-22 23:48:37
qlivecdn.com,2022-04-20 03:28:14
qlogo.cn,2010-04-14 09:57:14
qorno.com,2005-06-08 13:25:13
qpic.cn,2010-04-14 09:57:15
qq.com,1995-05-04 04:00:00
qq.com.cn,2004-01-07 09:34:05
qualaroo.com,2012-07-06 01:54:18
qualtrics.com,2000-03-30 18:55:41
qualys.com,1999-02-09 05:00:00
qualys.eu,
quantcount.com,2012-09-21 18:20:28
quantumdex.io,2020-03-31 18:06:53
quillbot.com,2017-12-21 02:05:11
quizizz.com,2015-01-08 05:20:04
quizlet.com,2004-07-15 13:39:24
quora.com,2000-03-29 19:18:49
quovadisglobal.com,2005-01-28 12:25:06
r7.com,1996-04-14 04:00:00
rackcdn.com,2010-12-15 06:11:40
rackspace.com,1998-08-14 04:00:00
radar.io,2011-02-18 03:25:54
rakuten-sec.co.jp,
rakuten.co.jp,
rakuten.com,1997-09-12 04:00:00
rambler.ru,1996-09-26 08:24:55
rapidssl.com,2002-04-05 23:19:21
ravenjs.com,2013-08-24 22:31:24
ravm.tv,
rbc.ru,1998-07-22 16:11:55
rdtk.io,2019-05-20 13:24:22
real-debrid.com,2009-07-18 01:30:20
realestate.com.au,
realsrv.com,2019-02-07 19:33:13
realtor.com,1995-09-14 04:00:00
recaptcha.net,2007-01-06 05:37:18
reddit.com,2005-04-29 17:59:19
redditmedia.com,2007-08-13 20:54:27
redditstatic.com,2011-11-09 19:03:15
redfin.com,2000-05-02 06:13:59
redgifs.com,2019-10-02 20:28:00
redtube.com,2006-01-07 15:09:11
relay.school,
remove.bg,
renaissance-go.com,2016-11-23 14:54:16
repubblica.it,1996-05-15 00:00:00
researchgate.net,2008-02-08 19:33:02
reson8.com,1997-12-18 05:00:00
reuters.com,1993-06-03 04:00:00
reverso.net,2000-01-13 16:39:47
revjet.com,2008-09-14 07:14:05
rezka.ag,2017-07-05 19:52:03
rfihub.com,2008-05-14 20:41:14
ria.ru,2000-12-24 21:00:00
richaudience.com,2015-11-06 17:20:19
rightmove.co.uk,1999-09-07 00:00:00
ring.com,1995-03-20 05:00:00
ringcentral.com,1999-05-06 11:01:45
riskified.com,2012-09-16 00:19:24
rkdms.com,2003-02-08 11:55:11
roblox.com,2004-01-30 00:08:43
roeye.com,2008-07-09 18:37:40
rogers.com,1992-05-15 04:00:00
rokt.com,2004-05-21 18:30:54
roku.com,2004-04-03 19:26:16
rottentomatoes.com,1999-05-14 08:36:32
rs6.net,2001-12-21 16:10:44
rt.com,1991-09-23 04:00:00
rtb.mx,2022-08-16 00:00:00
rtbrain.app,2019-09-28 17:37:38
rtbsystem.com,2013-05-31 17:34:00
ru4.com,1998-11-14 05:00:00
rubiconproject.com,2007-05-02 02:36:31
rudderlabs.com,2019-04-24 02:53:53
rule34.xxx,2012-01-18 20:42:43
ruliweb.com,2000-04-10 06:22:47
rumble.com,1998-12-07 05:00:00
rummycircle.com,2009-09-03 08:15:06
rutube.ru,2006-10-10 20:00:00
ryanair.com,1996-07-12 04:00:00
s-dc-msedge.net,2021-12-01 22:57:41
s-msn.com,2008-02-11 22:26:13
s-onetag.com,2017-05-03 16:46:55
s.yimg.com,1997-05-14 04:00:00
s3.amazonaws.com,2005-08-18 02:10:45
sabah.com.tr,1996-07-28 00:00:00
safebrowsing.brave.com,1995-09-18 04:00:00
safebrowsing.googleapis.com,
safedk.com,2014-02-18 15:52:49
sahibinden.com,1999-12-30 09:23:08
sail-personalize.com,2015-05-15 22:17:15
sail-track.com,2015-05-15 22:17:17
salesforce-sites.com,2019-03-26 03:11:04
salesforce.com,1998-12-02 05:00:00
salesforceliveagent.com,2011-02-15 19:00:13
salesloft.com,2005-11-21 02:01:57
samanage.com,2007-05-17 05:27:55
samsung.com,1994-11-29 05:00:00
samsungapps.com,2009-05-28 06:45:00
samsungdm.com,2013-04-24 07:21:09
samsungelectronics.com,1996-10-16 04:00:00
samsungiotcloud.com,2017-01-23 02:51:37
samsungnyc.com,2015-09-16 19:58:15
samsungosp.com,2011-03-25 01:04:40
samsungpositioning.com,2017-10-26 05:46:06
samsungqbe.com,2014-07-09 01:46:51
samsungrs.com,2017-08-03 04:19:13
samsungvisioncloud.com,2017-02-14 06:06:00
sanook.com,1997-01-14 05:00:00
santander.com,1998-04-23 04:00:00
sarkariresult.com,2012-01-01 14:13:45
sascdn.com,2011-08-29 15:55:14
sasktel.com,1995-08-12 04:00:00
savefrom.net,2008-03-12 19:50:58
saveinsta.app,2021-12-19 06:28:23
savvasrealize.com,2019-08-02 22:00:58
sbb.ch,
sbisec.co.jp,
sbixby.com,2016-11-03 08:19:12
scarabresearch.com,2008-03-06 17:33:18
schnellecke.com.mx,2016-04-05 00:00:00
schoology.com,2007-06-24 02:45:40
schoolwires.com,2000-02-11 22:48:31
schwab.com,1993-04-07 04:00:00
sciencedirect.com,1997-03-12 05:00:00
scotiabank.com,1996-04-09 04:00:00
screenrant.com,2003-12-09 01:17:06
scribd.com,2006-09-24 19:05:16
script.ac,2020-03-18 04:18:55
secprf.com,2021-10-28 10:36:56
sectigo.com,2018-08-16 17:53:22
secureserver.net,1998-03-30 05:00:00
seedtag.com,2013-09-04 09:50:11
segment.com,1998-07-06 04:00:00
segment.io,2011-10-01 04:10:05
sendgrid.net,2009-04-20 09:09:23
sentinelone.net,2014-06-02 21:34:38
sentry-cdn.com,2018-05-30 23:28:04
service-now.com,2001-07-04 10:45:33
service.gov.uk,1996-08-01 00:00:00
serving-sys.com,2003-04-16 08:12:39
sex-studentki.io,2023-07-04 14:40:27
sex-studentki.pics,2022-08-30 23:10:59
sex.com,1995-10-18 04:00:00
seznam.cz,1996-07-10 02:00:00
shalltry.com,2018-04-03 00:32:19
sharepoint.com,1998-08-10 04:00:00
sharepointonline.com,2005-03-21 09:32:54
sharethis.net,2005-04-28 00:38:14
shein.com,1998-01-16 05:00:00
shinigami.ae,
shop.app,2018-05-01 21:04:27
shopee.co.id,2014-11-28 07:09:17
shopee.co.th,
shopee.com.br,2016-02-28 00:00:00
shopee.io,2018-01-26 07:49:14
shopee.ph,
shopee.tw,2014-11-28 11:45:10
shopee.vn,
shopify.com,2005-03-11 05:18:03
shopifyapps.com,2008-06-12 21:01:23
shopifycdn.com,2013-09-15 19:20:12
shopifysvc.com,2017-09-29 18:16:12
shopping.naver.com,1997-09-12 04:00:00
shopping.yahoo.co.jp,
shutterstock.com,2003-07-10 22:20:53
si.com,1990-07-06 04:00:00
siftscience.com,2011-06-08 17:05:25
simpcity.su,2022-08-25 17:47:22
sina.cn,2003-03-17 12:20:05
sina.com.cn,1998-11-20 00:00:00
sinoptik.ua,2010-02-16 15:49:47
siriusxm.com,2007-03-29 18:43:59
site.com,1994-12-30 05:00:00
siteimproveanalytics.com,2014-02-26 16:46:58
sitescout.com,2000-05-12 20:23:01
skimresources.com,2010-07-14 15:41:49
sky.com,1988-03-31 05:00:00
sky.it,1998-04-30 00:00:00
skype.com,2003-04-23 17:34:20
skysports.com,1998-06-10 04:00:00
slack-edge.com,2013-12-18 18:01:02
slack.com,1992-10-21 04:00:00
slackb.com,2017-11-20 22:03:40
slickdeals.net,1999-11-10 19:08:02
slideshare.net,2006-04-04 23:26:02
sm.cn,2014-02-27 16:00:00
smadex.com,2012-01-03 18:51:05
smartadserver.com,2002-06-10 09:40:57
smartasset.com,2003-12-29 19:15:32
smartclip.net,2007-12-26 11:06:37
smartcloudcon.com,2017-10-24 10:09:50
smartthings.com,2003-09-30 18:04:46
smi2.ru,2006-08-10 20:00:00
smrtast.com,2018-12-27 16:52:20
snackly.co,2013-12-10 11:06:04
snapchat.com,2012-02-28 19:29:26
snapinsta.app,2021-03-10 10:09:10
snapkit.com,2000-12-02 17:27:51
snaptik.app,2020-05-05 00:18:22
so.com,1999-04-15 04:00:00
societegenerale.com,2000-06-04 22:30:41
sofascore.com,2012-05-16 12:24:29
sogou.com,2001-12-19 14:42:26
sohu.com,1998-07-05 04:00:00
solvvy.com,2013-05-06 11:34:00
sondakika.com,2000-01-07 12:54:15
sonobi.com,2006-11-29 23:19:55
sophosupd.com,2009-03-05 19:39:28
soundcloud.com,2005-07-25 10:33:38
southwest.com,1997-05-01 04:00:00
sozcu.com.tr,2005-03-09 00:00:00
sp.gov.br,1995-07-06 00:00:00
spankbang.com,2011-02-19 09:49:41
spankbang.party,2019-08-05 17:25:22
spectrum.net,1995-08-02 04:00:00
speedtest.net,1999-06-25 05:27:48
spiegel.de,
splashtop.com,2007-05-09 05:34:20
split.io,2015-03-17 00:30:31
splunkcloud.com,2013-03-13 06:38:44
sport.es,
sports.ru,1998-06-17 08:42:05
sports.yahoo.co.jp,
sports.yahoo.com,1995-01-18 05:00:00
sportskeeda.com,2009-08-17 10:20:42
sportybet.com,2003-01-29 16:52:39
spot.im,
spotify.com,2006-04-23 09:07:50
spotim.market,2014-11-07 10:38:30
spotxchange.com,2006-06-08 15:25:45
sprig.com,1996-01-27 05:00:00
squarecdn.com,2014-10-14 15:46:38
squareup.com,2007-05-26 02:27:56
srmdata-eur.com,2022-02-16 05:58:19
ssl-images-amazon.com,2004-07-20 23:52:20
ssl.com,1997-05-23 04:00:00
ssstik.io,2020-11-20 15:21:26
ssyoutube.com,2009-02-02 15:20:15
stackexchange.com,2009-06-12 13:55:30
stackoverflow.com,2003-12-26 19:18:07
stackpathcdn.com,2016-07-15 18:46:05
starplus.com,1996-06-19 04:00:00
startappservice.com,2013-10-21 09:14:22
startpage.com,1997-10-11 04:00:00
statcounter.com,2000-01-05 19:19:20
statsig.com,1998-12-29 05:00:00
steamcommunity.com,2006-05-28 02:08:53
steampowered.com,2000-08-09 16:03:56
steamstatic.com,2013-11-07 01:00:15
stickyadstv.com,2009-08-14 16:19:30
storage.googleapis.com,
storygize.net,2014-07-21 00:41:09
streamtheworld.com,2004-10-21 17:41:51
stripchat.com,2006-02-13 19:09:16
stripe.com,1995-09-12 04:00:00
strln.net,2017-07-21 19:33:18
strpst.com,2021-05-31 08:51:58
studocu.com,2013-09-16 10:24:12
stylitics.com,2010-10-04 18:59:17
subito.it,1999-07-30 00:00:00
sunista.info,2020-10-03 20:08:30
super.cz,1998-04-20 02:00:00
supercell.com,1999-01-31 05:00:00
superchatlive.com,2019-05-06 10:14:48
supjav.com,2020-07-15 11:56:12
susercontent.com,2022-07-18 08:15:08
swisscom.ch,
swisssign.net,2002-01-08 23:25:52
swrve.com,2004-08-06 19:50:28
swtor.com,2007-07-25 20:56:52
sxyprn.com,2019-04-05 20:59:47
symcd.com,2013-12-12 00:48:54
syosetu.com,2006-05-20 05:28:50
t-mobile.com,2000-01-13 13:46:53
t-online.de,
t.me,2010-05-20 18:50:32
tabelog.com,2005-01-27 05:05:51
tabletcaptiveportal.com,2019-10-16 18:58:05
taboola.com,2007-02-23 22:21:41
tagesschau.de,
tailtarget.com,2012-05-10 16:30:34
taobao.com,2003-04-21 03:50:05
tapjoyads.com,2008-12-10 06:11:10
tapmad.com,2016-07-04 13:22:15
target.com,1997-01-02 05:00:00
tawk.to,
tccb.gov.tr,1997-12-23 00:00:00
te9t.xyz,2023-10-11 08:39:05
tealiumiq.com,2011-02-09 18:33:06
teamviewer.com,2004-09-21 19:51:51
techlab-cdn.com,2019-07-01 16:04:08
technolutions.net,1998-03-23 05:00:00
techsmith.com,1995-03-08 05:00:00
telegraaf.nl,1995-12-18 00:00:00
telegram.org,2003-12-15 14:48:05
telegraph.co.uk,1996-08-01 00:00:00
teleparty.com,2019-12-04 19:44:53
temu.com,2003-04-29 18:15:42
tenki.jp,
tenor.co,2012-08-31 05:40:47
tenor.com,1995-07-30 04:00:00
terra.com.br,1998-11-30 00:00:00
texthelp.com,1997-01-09 05:00:00
thairath.co.th,
thanhnien.vn,
thawte.com,1996-02-10 05:00:00
the-ozone-project.com,2018-04-11 15:20:05
the-sun.com,1997-05-14 04:00:00
thebrighttag.com,2010-03-23 01:12:53
theconversation.com,2003-05-29 18:14:49
thegioididong.com,2003-10-13 07:45:38
theguardian.com,1994-07-06 04:00:00
thehindu.com,1996-03-01 05:00:00
thepennyhoarder.com,2010-12-11 01:40:23
theporndude.com,2013-11-19 00:22:32
thesun.co.uk,1997-05-19 00:00:00
thisisdax.com,2014-11-14 12:46:10
thisvid.com,2011-02-07 16:48:49
thousandeyes.com,2003-12-28 19:27:56
threatlocker.com,2017-01-16 16:22:37
ticketmaster.com,1994-01-06 05:00:00
tiktok.com,1996-07-21 04:00:00
tiktokv.com,2017-09-20 08:50:09
tiktokv.us,2023-04-18 12:45:06
tile-api.com,2014-03-27 17:21:01
timeanddate.com,1997-03-26 05:00:00
timesofindia.com,1996-04-08 04:00:00
tinder.com,1998-10-15 04:00:00
tinkoff.ru,1998-08-21 13:37:34
tinypass.com,2007-11-29 16:49:10
tinyurl.com,2002-01-27 06:17:41
tistory.com,2005-10-01 16:49:05
tk0x1.com,2016-10-28 07:25:55
tlivepush.com,2020-12-08 04:08:52
tmall.com,1997-10-17 04:00:00
tmz.com,1996-02-15 05:00:00
tnaflix.com,2007-02-18 07:50:26
toasttab.com,2012-05-06 18:04:17
togetter.com,2009-09-26 19:56:44
tokopedia.com,2008-05-30 05:05:11
tongdun.net,2014-08-19 08:07:33
toppr.com,2003-06-09 01:59:26
toutiao.com,2004-02-16 06:00:15
tpmn.co.kr,2013-06-14 00:00:00
trackjs.com,2013-04-07 12:20:13
tradingview.com,2010-03-20 18:43:54
trafficmanager.net,2005-11-25 00:16:41
translate.goog,2017-12-05 22:54:14
travel.rakuten.co.jp,
treasuredata.com,2008-03-29 01:35:37
trello.com,2004-08-20 18:07:36
trendyol.com,2009-10-07 07:22:21
tribalfusion.com,1998-09-11 04:00:00
tribunnews.com,2010-01-13 06:45:27
trilltrill.jp,
tripadvisor.com,1999-03-23 05:00:00
tripmall.online,2019-03-12 23:54:46
trkn.us,2014-10-01 13:37:07
tru.am,
truex.com,2003-10-30 19:13:54
truffle.bid,
truoptik.com,2013-02-25 16:07:14
trustpilot.com,2007-06-30 14:19:31
trustwallet.com,2005-10-14 15:25:35
trustx.org,2016-09-27 16:42:54
trx-hub.com,2020-06-11 15:49:22
tsargrad.tv,
tsb.co.uk,1996-08-01 00:00:00
tsyndicate.com,2017-03-08 07:41:41
ttvnw.net,2012-12-19 05:29:09
tubemogul.com,2006-09-28 05:29:38
tubi.io,2017-10-30 21:11:21
tubitv.com,2014-02-25 22:32:31
tumblr.com,2006-06-08 22:11:40
tuoitre.vn,
turbopages.org,2018-10-29 12:12:04
turkiye.gov.tr,2001-06-07 00:00:00
tver.jp,
tvinteractive.tv,
tvn24.pl,2000-09-06 13:00:00
twilio.com,2007-10-26 22:26:18
twimg.com,2008-09-22 18:33:28
twinrdsyte.com,2023-07-28 08:44:14
twitch.tv,
twitchcdn.net,2017-05-24 20:28:15
twitter.com,2000-01-21 16:28:17
txxx.com,2000-02-22 06:21:26
typekit.com,2006-07-11 11:50:24
typekit.net,2010-08-02 05:22:06
typography.com,1996-01-23 05:00:00
uber.com,1995-07-14 04:00:00
ubereats.com,2011-10-20 12:08:03
udemy.com,2009-08-13 20:37:45
udn.com,1998-09-10 04:00:00
ugdturner.com,2011-05-03 19:24:10
ui.com,1995-04-17 04:00:00
uidapi.com,2020-10-05 18:12:35
ukr.net,1999-02-10 05:00:00
umbrella.com,1994-10-26 04:00:00
unbouncepages.com,2009-10-26 21:51:09
undertone.com,1998-08-28 04:00:00
uniqlo.com,1998-12-28 05:00:00
united.com,1998-12-17 05:00:00
unity3d.com,2005-10-01 12:38:17
unity3dusercontent.com,2017-05-19 11:31:22
unpkg.com,2016-01-06 07:21:51
uol.com.br,1996-04-24 00:00:00
updaterecomended.com,2023-06-05 10:17:06
uphold.com,1998-02-07 05:00:00
uplynk.com,2010-11-05 20:14:16
upornia.com,2014-02-15 12:57:28
ups.com,1992-04-07 04:00:00
uptodown.com,2002-12-20 00:09:31
ura.news,
urldefense.com,2017-09-08 10:01:32
usabilla.com,2008-10-06 11:20:09
usatoday.com,1994-04-29 04:00:00
useinsider.com,2014-04-18 15:44:50
usercentrics.eu,
uservoice.com,2006-01-06 00:52:32
usnews.com,1995-01-20 05:00:00
usps.com,1997-07-10 04:00:00
vakifbank.com.tr,1999-08-26 00:00:00
verisign.com,1995-06-02 04:00:00
verizon.com,2000-03-06 15:30:08
verizonwireless.com,2000-03-03 00:01:57
verkada.com,2015-02-21 14:14:13
vg.no,2011-06-10 00:00:00
vi-serve.com,2017-07-12 08:01:31
videoamp.com,2001-07-29 10:50:49
videoplayerhub.com,2016-08-10 15:49:38
vidoomy.com,2017-02-22 19:27:02
viewsmaster.shop,2021-07-13 12:14:04
viglink.com,2008-12-17 11:02:01
vimeo.com,2004-12-15 08:38:55
vindicosuite.com,2007-04-01 18:36:02
virginmedia.com,1999-02-27 05:00:00
visa.com,1994-03-08 05:00:00
visiblemeasures.com,2004-06-30 19:51:20
visualwebsiteoptimizer.com,2009-11-13 15:05:26
vivoglobal.com,2012-06-21 18:28:05
vk.com,1997-06-24 04:00:00
vlxx.moe,2023-03-15 15:18:16
vmware.com,1998-01-30 05:00:00
vnexpress.net,2000-08-15 13:59:57
vodafone.com,1997-12-04 05:00:00
vungle.com,2010-10-26 13:12:02
vz.ru,2000-06-01 15:33:26
vzmessages.com,2016-01-04 04:42:44
vzwwo.com,2012-09-17 18:47:10
w-x.co,2014-03-28 15:41:39
w3schools.com,2000-03-21 13:54:41
w55c.net,2009-05-13 21:08:06
wa.me,2009-07-24 13:20:59
wac-msedge.net,2022-12-02 14:08:41
wal.co,2011-09-21 17:50:59
walgreens.com,1995-05-04 04:00:00
walkmeusercontent.com,2019-04-04 19:53:48
walmart.com,1995-02-23 05:00:00
walmartimages.com,2007-12-07 17:13:51
warnermediacdn.com,2019-05-21 18:30:13
washingtonpost.com,1995-11-13 05:00:00
wattpad.com,2006-07-17 00:57:56
wayfair.com,2004-06-16 18:03:58
waze.com,2000-04-01 10:59:50
wbd.ms,
we-stats.com,2015-05-07 12:38:41
weather.com,1994-08-09 04:00:00
weather.gov,1999-04-30 21:06:20
weather.yahoo.co.jp,
weathernews.jp,
web.de,
webex.com,1999-02-12 05:00:00
webmd.com,1998-04-06 04:00:00
weborama.fr,1998-06-03 22:00:00
webpkgcache.com,2019-10-08 18:51:48
webrootanywhere.com,2011-08-16 00:39:25
webrootcloudav.com,2010-12-17 09:04:15
wechat.com,2003-11-28 19:15:44
weibo.cn,2003-03-17 12:31:48
weibo.com,1999-03-20 05:00:00
wejianzhan.com,2019-04-16 05:37:54
wellsfargo.com,1993-04-28 04:00:00
welt.de,
wetransfer.com,2007-12-14 12:03:32
wetter.com,1996-01-04 05:00:00
wetteronline.de,
whatfix.com,2012-08-22 06:26:32
whatsapp.com,2008-09-04 12:39:12
whatsapp.net,2009-02-20 00:48:09
whiteboard.ms,
wholedailyjournal.com,2023-08-01 15:31:03
wikihow.com,2004-06-12 18:00:21
wikimedia.org,2003-03-16 08:22:47
wikipedia.org,2001-01-13 00:12:14
wiktionary.org,2002-12-14 10:42:51
wildberries.ru,2004-03-30 20:00:00
windows.com,1995-09-11 04:00:00
windows.net,1995-08-10 04:00:00
windows.us,2002-04-19 21:41:32
windy.com,1999-04-14 04:00:00
wistia.com,2007-03-18 21:58:55
wistia.net,2008-09-02 18:42:09
withgoogle.com,2008-11-17 19:17:42
wixsite.com,2012-05-08 23:35:02
wknd.ai,
wordpress.com,2000-03-03 12:13:23
worldfcdn.com,2019-11-28 09:43:52
worldfcdn2.com,2021-03-29 09:14:55
worldstar.com,1995-03-14 05:00:00
wowhead.com,2005-12-15 18:35:28
wp.com,1997-03-28 05:00:00
wp.pl,1998-04-28 13:00:00
wpcdn.pl,2017-03-09 08:01:17
wsj.com,1994-05-26 04:00:00
wunderground.com,1995-03-30 05:00:00
wunderkind.co,2016-06-27 13:07:25
wyzecam.com,2017-07-21 21:51:32
x.com,1993-04-02 05:00:00
xbox.com,1996-12-18 05:00:00
xfinity.com,2003-01-23 03:02:54
xg4ken.com,2007-01-29 14:45:49
xgroovy.com,2019-04-06 04:44:11
xhamster.com,2007-04-02 12:48:32
xhamster.desi,2016-11-18 14:29:09
xhamster2.com,2018-07-28 09:24:53
xhamster40.desi,2022-01-31 10:17:33
xhamsterlive.com,2015-03-30 12:15:14
xiaohongshu.com,2011-11-25 03:16:42
xiaomi.com,2003-07-22 01:47:08
xiaomi.net,2009-03-24 18:54:10
xmegaxvideox.com,2023-06-05 08:52:05
xnxx.com,2002-04-08 22:38:49
xnxx.health,2022-02-21 06:39:09
xoso.com.vn,
xosodaiphat.com,2014-11-07 07:49:04
xvideos-cdn.com,2017-08-25 08:36:59
xvideos.com,1997-12-30 05:00:00
xvideos.es,
xvideos.red,2016-11-11 10:56:49
xvideos2.com,2008-01-01 08:19:53
y-medialink.com,2016-11-28 12:53:11
y2mate.com,2016-08-10 16:44:02
ya.ru,1999-07-12 14:40:22
yahoo.co.jp,
yahoo.com,1995-01-18 05:00:00
yahoo.net,1996-11-04 05:00:00
yammer.com,1997-06-04 04:00:00
yandex.by,2002-09-20 00:00:00
yandex.com,1998-09-24 04:00:00
yandex.com.tr,2010-03-15 00:00:00
yandex.kz,2009-07-01 12:44:02 (GMT+0:00)
yandex.net,2000-11-14 06:56:55
yandex.ru,1997-09-23 09:45:07
yandexadexchange.net,2014-02-18 12:48:07
yelp.com,2003-12-12 21:24:56
yelpcdn.com,2009-08-05 16:22:38
yieldmo.com,2012-06-05 21:32:27
yieldoptimizer.com,2008-02-08 19:28:54
yimg.com,1997-05-14 04:00:00
yiyouliao.com,2019-02-21 10:33:50
ynet.co.il,
yomiuri.co.jp,
yotpo.com,2010-08-30 08:55:36
youjizz.com,2007-10-22 19:15:58
youm7.com,2007-12-03 18:47:38
youporn.com,2005-12-02 21:28:36
youtu.be,
youtube-nocookie.com,2009-01-23 20:25:05
youtube.com,2005-02-15 05:13:12
youtubeeducation.com,2007-10-30 22:21:40
yr.no,1999-11-15 00:00:00
ytimg.com,2007-12-11 22:38:13
yts.mx,2019-04-11 00:00:00
yusercontent.com,2014-11-04 17:05:51
zalo.me,2015-12-03 23:54:28
zaloapp.com,2012-10-14 20:11:44
zara.com,1997-05-29 04:00:00
zdf.de,
zdn.vn,
zeit.de,
zendesk.com,2005-05-16 18:05:12
zeotap.com,2014-07-23 10:58:50
zerodha.com,2010-02-17 12:26:39
zeronaught.com,2019-08-15 23:45:24
zetaglobal.net,2016-10-06 15:02:58
zg-api.com,2018-03-26 23:49:27
zhihu.com,2007-06-15 17:28:11
zijieapi.com,2020-09-17 06:53:20
zillow.com,2004-09-16 21:16:58
zing.vn,
zivuhh.buzz,2023-09-06 07:16:35
zoho.com,2004-01-16 19:05:15
zoom.us,2002-04-24 15:03:39
zoominfo.com,2003-10-16 11:57:42
zopim.com,2006-11-16 10:30:59
zorox.to,
zqtk.net,2014-06-24 22:24:22
zscaler.net,2008-07-23 04:11:31
zscalertwo.net,2012-10-04 06:19:38
